[
{"name": "Poolz Finance [OLD]", "price": "$0.191599", "change": "530.5%", "href_id": "poolz-finance-old"},
{"name": "Witnet", "price": "$0.009045495958", "change": "58.7%", "href_id": "witnet"},
{"name": "DAYSTARTER", "price": "$0.149196", "change": "332.7%", "href_id": "daystarter"},
{"name": "Dogger", "price": "$0.000268971547", "change": "251.9%", "href_id": "dogger"},
{"name": "Txbit", "price": "$0.011983630826", "change": "243.3%", "href_id": "txbit"},
{"name": "pGALA", "price": "$0.001708523867", "change": "218.8%", "href_id": "pgala"},
{"name": "Leverj Gluon", "price": "$0.003316349070", "change": "201.4%", "href_id": "leverj-gluon"},
{"name": "Cope Token", "price": "$0.000000004637", "change": "198.2%", "href_id": "cope-token"},
{"name": "CIA", "price": "$0.000008713445", "change": "124.9%", "href_id": "cia"},
{"name": "ELYFI", "price": "$0.020168036640", "change": "86.6%", "href_id": "elyfi"},
{"name": "Stone", "price": "$0.023782654237", "change": "85.2%", "href_id": "stone-token"},
{"name": "ReserveBlock", "price": "$0.120755", "change": "70.0%", "href_id": "reserveblock"},
{"name": "Deesse", "price": "$0.001003252321", "change": "69.7%", "href_id": "deesse"},
{"name": "Delrey Inu", "price": "$1.07", "change": "68.6%", "href_id": "delrey-inu"},
{"name": "Shibarium Perpetuals", "price": "$0.001951280445", "change": "61.6%", "href_id": "shibarium-perpetuals"},
{"name": "Kalkulus", "price": "$0.004037937084", "change": "61.3%", "href_id": "kalkulus"},
{"name": "Witnet", "price": "$0.009045495958", "change": "58.7%", "href_id": "witnet"},
{"name": "Marvellex Classic", "price": "$0.234792", "change": "57.9%", "href_id": "marvellex-classic"},
{"name": "MANGOMAN INTELLIGENT", "price": "$0.000000502200", "change": "56.2%", "href_id": "mangoman-intelligent"},
{"name": "Sharbi", "price": "$0.000011548163", "change": "55.7%", "href_id": "sharbi"},
{"name": "Etho Protocol", "price": "$0.010603935147", "change": "54.2%", "href_id": "etho-protocol"},
{"name": "Cuprum Coin", "price": "$2.65", "change": "51.3%", "href_id": "cuprum-coin"},
{"name": "DeathWolf", "price": "$0.000134026670", "change": "50.8%", "href_id": "deathwolf"},
{"name": "Radiant", "price": "$0.002996053696", "change": "50.8%", "href_id": "radiant"},
{"name": "Argon", "price": "$0.001680412193", "change": "50.5%", "href_id": "argon"},
{"name": "Karma DAO", "price": "$0.197115", "change": "48.0%", "href_id": "karma-dao"},
{"name": "Melos Studio", "price": "$0.012944302209", "change": "47.6%", "href_id": "melos-studio"},
{"name": "Populous", "price": "$0.047948034007", "change": "47.5%", "href_id": "populous"},
{"name": "Feisty Doge NFT", "price": "$0.000039145202", "change": "47.4%", "href_id": "feisty-doge-nft"},
{"name": "Titan Hunters", "price": "$0.001813829632", "change": "45.5%", "href_id": "titan-hunters"},
{"name": "Strips Finance", "price": "$1.04", "change": "42.7%", "href_id": "strips-finance"},
{"name": "MANGOMAN INTELLIGENT", "price": "$0.000000502200", "change": "56.2%", "href_id": "mangoman-intelligent"},
{"name": "Radiant", "price": "$0.002996053696", "change": "50.8%", "href_id": "radiant"},
{"name": "Strips Finance", "price": "$1.04", "change": "42.8%", "href_id": "strips-finance"},
{"name": "Dogechain", "price": "$0.001628818935", "change": "39.8%", "href_id": "dogechain"},
{"name": "SXP", "price": "$0.889092", "change": "25.7%", "href_id": "sxp"},
{"name": "Shib Original Vision", "price": "$0.000000213805", "change": "25.1%", "href_id": "shib-original-vision"},
{"name": "A Hunters Dream", "price": "$0.000000088462", "change": "23.2%", "href_id": "a-hunters-dream"},
{"name": "PIP", "price": "$0.136713", "change": "21.9%", "href_id": "pip"},
{"name": "Blox", "price": "$0.343668", "change": "21.9%", "href_id": "blox"},
{"name": "Dogecoin", "price": "$0.096327289461", "change": "21.4%", "href_id": "dogecoin"},
{"name": "SmarDex", "price": "$0.005372332161", "change": "20.7%", "href_id": "smardex"},
{"name": "Kin", "price": "$0.000007323267", "change": "19.7%", "href_id": "kin"},
{"name": "Giddy", "price": "$0.012830486774", "change": "18.9%", "href_id": "giddy"},
{"name": "FLEX Coin", "price": "$2.33", "change": "17.6%", "href_id": "flex-coin"},
{"name": "ICON", "price": "$0.309496", "change": "16.3%", "href_id": "icon"},
{"name": "Injective", "price": "$5.88", "change": "13.4%", "href_id": "injective"},
{"name": "GNY", "price": "$0.061182829647", "change": "13.3%", "href_id": "gny"},
{"name": "Panther Protocol", "price": "$0.048194464638", "change": "13.2%", "href_id": "panther-protocol"},
{"name": "Linear", "price": "$0.012131920547", "change": "12.9%", "href_id": "linear"},
{"name": "Coinweb", "price": "$0.024118900299", "change": "12.8%", "href_id": "coinweb"},
{"name": "OG Fan Token", "price": "$2.93", "change": "12.5%", "href_id": "og-fan-token"},
{"name": "Enjinstarter", "price": "$0.006152328834", "change": "12.1%", "href_id": "enjinstarter"},
{"name": "Alchemy Pay", "price": "$0.037252944882", "change": "11.3%", "href_id": "alchemy-pay"},
{"name": "Taboo", "price": "$0.001635974492", "change": "10.8%", "href_id": "taboo-token"},
{"name": "Baby Doge Coin", "price": "$0.000000002819", "change": "10.8%", "href_id": "baby-doge-coin"},
{"name": "XEN Crypto", "price": "$0.000002705420", "change": "10.6%", "href_id": "xen-crypto"},
{"name": "TomoChain", "price": "$0.670826", "change": "10.5%", "href_id": "tomochain"},
{"name": "Koinos", "price": "$0.844962", "change": "10.4%", "href_id": "koinos"},
{"name": "Stake DAO", "price": "$0.421404", "change": "10.1%", "href_id": "stake-dao"}
]